{"Version":47,"SchemaVersion":1,"PartA":[],"PartB":{"PARTA":["App","AppVer","AttrDataVer","DeviceFamily","f:FlightRing","OSArchitecture","OSVersion"],"CDM":["+PARTA","ChassisTypeId","c:FlightIds","f:FlightingBranchName","c:InstallLanguage","c:IsDomainJoined","OEMModel","t:OSSkuId","c:TelemetryLevel"],"CORTANA_GATEKEEPER":["r:CurrentBranch","f:FlightRing","f:IsRetailOS"],"DDC":["+WU_STORE","+_WU_PTI"],"EDGE_SERVICEUI":["t:LocalDeviceID","t:LocalUserID"],"FSS":["App","AppVer","AttrDataVer","r:PreviewBuildsManagerEnabled","f:BranchReadinessLevelRaw","u:BranchReadinessLevelSource","r:BuildFID","t:DeviceFamily","DeviceId","c:EnablePreviewBuilds","f:FlightingPolicyValue","f:IsRetailOS","f:ManagePreviewBuilds","OSVersionFull"],"MICROSOFT.WINDOWSFEEDBACKHUB_8WEKYB3D8BBWE":["t:OSVersionFull","t:IsTestLab","f:FlightRing"],"MITIGATION":["App","AppVer","AttrDataVer","t:DeviceFamily","f:FlightRing","c:IsDomainJoined","t:IsMsftOwned","f:IsRetailOS","t:IsTestLab","IsVM","OEMModel","c:OSEdition","t:OSSkuId","t:OSVersionFull","c:OSUILocale"],"MLMOD":["App","AppVer","AttrDataVer","ChassisTypeId","t:DeviceFamily","f:FlightingBranchName","f:FlightRing","f:IsRetailOS","t:OSSkuId","t:OSVersionFull","c:OSUILocale"],"MTP":["+_WU_OS_CORE"],"MUSE":["ChassisTypeId","deviceClass","deviceId","c:FlightIds","locale","ms","os","osVer","ring","sampleId","sku"],"NOISYHAMMER":["+WU_OS"],"SEDIMENTPACK":["+WU_OS"],"UTC":["+UTC_STATIC","osVer","locale","ring","f:pilotRing","f:isRetailOS","ms","expId"],"UTC_STATIC":["app","appVer","os","deviceId","sampleId","deviceClass","sku"],"WOSC":["App","AppVer","AttrDataVer","t:DeviceFamily","f:FlightRing","t:IsMsftOwned","t:LocalDeviceID","t:OSSkuId","c:OSUILocale","t:OSVersionFull"],"WU":["+WU_OS"],"WU_OS":["+_WU_OS_CORE","+_WU_FB"],"WU_STORE":["+_WU_COMMON","r:AppChannels","r:AppRMIDs","u:BranchReadinessLevel"],"_WU_AV":["r:AvastReg","r:AvastBlackScreen","v:AvastVer","r:AvgReg","v:AvgVer","r:EsetReg","v:EsetVer","r:KasperskyReg","v:KasperskyVer","v:SymantecVer","r:TencentReg","r:TencentType"],"_WU_COMMON":["+PARTA","r:CurrentBranch","r:DefaultUserRegion","r:DriverPartnerRing","r:FlightContent","f:FlightingBranchName","HoloLens","c:InstallationType","c:InstallLanguage","f:IsFlightingEnabled","r:IsFlightingEnabled","c:MobileOperatorCommercialized","OEMModel","OEMName_Uncleaned","r:OemPartnerRing","t:OSSkuId","c:OSUILocale","c:ProcessorManufacturer","r:ReleaseType","v:SkypeRoomSystem","t:SMode","c:TelemetryLevel","r:WindowsMixedReality","v:WuClientVer"],"_WU_OS_CORE":["+_WU_COMMON","+_WU_AV","r:AhnLabKeyboard","a:Bios","r:BlockFeatureUpdates","r:DisconnectedStandby","r:DchuNvidiaGrfxExists","r:DchuNvidiaGrfxVen","r:DchuIntelGrfxExists","r:DchuIntelGrfxVen","r:DchuAmdGrfxExists","r:DchuAmdGrfxVen","c:FirmwareVersion","a:Free","a:GStatus_RS3","a:GStatus_RS4","a:GStatus_RS5","r:HidOverGattReg","r:InstallDate","c:IsDeviceRetailDemo","c:IsPortableOperatingSystem","IsVM","c:OEMModelBaseBoard","r:OobeSeeker","r:OSRollbackBuild","r:OSRollbackCount","r:OSRollbackDate","PhoneTargetingName","r:PonchAllow","r:PonchBlock","c:ProcessorIdentifier","r:RecoveredFromBuild","r:Steam","v:TobiiVer","v:TrendMicroVer","r:UninstallActive","l:UpdateManagementGroup","a:UpgEx_RS3","a:UpgEx_RS4","a:UpgEx_RS5"],"_WU_FB":["u:BranchReadinessLevel","u:DeferQualityUpdatePeriodInDays","u:DeferFeatureUpdatePeriodInDays","u:PauseQualityUpdateStartTime","u:PauseFeatureUpdateStartTime","u:PauseQualityUpdateEndTime","u:PauseFeatureUpdateEndTime"],"_WU_PTI":["c:FrontFacingCameraResolution","c:RearFacingCameraResolution","c:TotalPhysicalRAM","c:NFCProximity","c:Magnetometer","c:Gyroscope","c:D3DMaxFeatureLevel","c:InternalPrimaryDisplayResolutionHorizontal","c:InternalPrimaryDisplayResolutionVetical"],"WAASASSESSMENT":["+WU_OS"],"WPSHIFT":["+MTP"]},"Required":["App","AppVer","AttrDataVer"],"Aliases":{"ChassisTypeId":"c:ChassisType","deviceClass":"t:DeviceFamily","deviceId":"t:LocalDeviceID","DeviceId":"t:LocalDeviceID","expId":"c:FlightIds","FlightRing":"f:FlightRing","IsVM":"a:ISVM","locale":"c:OSUILocale","ms":"t:IsMsftOwned","OEMModel":"c:OEMModelNumber","OEMName_Uncleaned":"c:OEMManufacturerName","osVer":"t:OSVersionFull","OSVersionFull":"t:OSVersionFull","PhoneTargetingName":"c:OEMModelName","ring":"f:FlightRing","sampleId":"t:PopVal","sku":"t:OSSkuId"},"Fallback":{"r:AvastBlackScreen":"r:AvgBlackScreen","a:Bios":"a:Bios_RS3","a:Bios_RS3":"a:Bios_RS4","a:Bios_RS4":"a:Bios_RS5","r:BlockFeatureUpdates":"r:BlockWUUpgrades","r:BlockWUUpgrades":"r:BlockWUUpgradesWow","r:BuildFID":"r:BuildFID_WCOS","r:BuildFID_WCOS":"r:BuildFID_WCOS2","f:FlightingBranchName":"c:FlightingBranchName","a:Free":"a:Free_RS3","a:Free_RS3":"a:Free_RS4","a:Free_RS4":"a:Free_RS5","HoloLens":"r:WindowsMixedReality","a:ISVM":"a:ISVM_RS3","a:ISVM_RS3":"a:ISVM_RS4","a:ISVM_RS4":"a:ISVM_RS5","c:OEMModelBaseBoard":"r:OEMModelBaseBoard","r:PonchAllow":"r:PonchAllowKey","r:PonchAllowKey":"r:PonchAllowWow","r:PonchAllowWow":"r:PonchAllowWowKey","v:SymantecVer":"v:SymantecVer64","v:TobiiVer":"v:TobiiVerx86","v:TobiiVerx86":"v:TobiiVer1x86"},"Transform":{"IsDomainJoined":{"Ignore":["0"]},"IsMsftOwned":{"Ignore":["0"]},"IsPortableOperatingSystem":{"Ignore":["0"]},"IsTestLab":{"Ignore":["0"]},"IsVM":{"Ignore":["0"]},"OEMModel":{"SubLength":100},"OEMName_Uncleaned":{"SubLength":100},"SMode":{"Ignore":["0"]}},"Registry":{"AhnLabKeyboard":{"FullPath":"SYSTEM\\CurrentControlSet\\Services\\Mkd2kfNt","ValueName":"NbTpMsExist"},"AppChannels":{"FullPath":"SOFTWARE\\Policies\\Microsoft\\WindowsStore\\Apps\\*","ValueName":"ChannelId","EncodingType":"Json"},"AppRMIDs":{"FullPath":"SOFTWARE\\Policies\\Microsoft\\WindowsStore\\Apps\\*","ValueName":"ReleaseManagementId","EncodingType":"Json"},"AvastBlackScreen":{"FullPath":"SYSTEM\\CurrentControlSet\\Services\\aswVmm\\Parameters","ValueName":"Win10-1803"},"AvastReg":{"FullPath":"SYSTEM\\CurrentControlSet\\Services\\aswVmm\\Parameters","ValueName":"QualityCompat"},"AvgBlackScreen":{"FullPath":"SYSTEM\\CurrentControlSet\\Services\\avgVmm\\Parameters","ValueName":"Win10-1803"},"AvgReg":{"FullPath":"SYSTEM\\CurrentControlSet\\Services\\avgVmm\\Parameters","ValueName":"QualityCompat"},"BlockFeatureUpdates":{"HKey":"HKEY_LOCAL_MACHINE","FullPath":"SOFTWARE\\Microsoft\\Windows\\CurrentVersion\\WindowsUpdate\\OSUpgrade","ValueName":"BlockFeatureUpdates","RegValueType":"REG_DWORD"},"BlockWUUpgrades":{"HKey":"HKEY_LOCAL_MACHINE","FullPath":"SOFTWARE\\Microsoft\\Windows10Upgrader\\Volatile","ValueName":"BlockWUUpgrades","RegValueType":"REG_DWORD"},"BlockWUUpgradesWow":{"HKey":"HKEY_LOCAL_MACHINE","FullPath":"SOFTWARE\\WOW6432Node\\Microsoft\\Windows10Upgrader\\Volatile","ValueName":"BlockWUUpgrades","RegValueType":"REG_DWORD"},"BuildFID":{"HKey":"HKEY_LOCAL_MACHINE","FullPath":"Software\\Microsoft\\Windows\\CurrentVersion\\Flighting\\Build","ValueName":"EsdFlightData","RegValueType":"REG_SZ"},"BuildFID_WCOS":{"HKey":"HKEY_LOCAL_MACHINE","FullPath":"OSDATA\\Software\\Microsoft\\Windows\\CurrentVersion\\Flighting\\Build","ValueName":"EsdFlightData","RegValueType":"REG_SZ"},"BuildFID_WCOS2":{"HKey":"HKEY_LOCAL_MACHINE","FullPath":"OSDATA\\Microsoft\\Windows\\CurrentVersion\\Flighting\\Build","ValueName":"EsdFlightData","RegValueType":"REG_SZ"},"CurrentBranch":{"HKey":"HKEY_LOCAL_MACHINE","FullPath":"SOFTWARE\\Microsoft\\Windows NT\\CurrentVersion","ValueName":"BuildBranch","RegValueType":"REG_SZ"},"DisconnectedStandby":{"HKey":"HKEY_LOCAL_MACHINE","FullPath":"SYSTEM\\CurrentControlSet\\Control\\Power","ValueName":"EnforceDisconnectedStandby","RegValueType":"REG_DWORD"},"DchuAmdGrfxExists":{"FullPath":"SYSTEM\\CurrentControlSet\\Services\\amdkmdap","IfExists":true},"DchuAmdGrfxVen":{"FullPath":"SYSTEM\\CurrentControlSet\\Services\\amdkmdap","ValueName":"DCHUVen"},"DchuIntelGrfxExists":{"FullPath":"SYSTEM\\CurrentControlSet\\Services\\igfx","IfExists":true},"DchuIntelGrfxVen":{"FullPath":"SYSTEM\\CurrentControlSet\\Services\\igfx","ValueName":"DCHUVen"},"DchuNvidiaGrfxExists":{"FullPath":"SYSTEM\\CurrentControlSet\\Services\\nvlddmkm","IfExists":true},"DchuNvidiaGrfxVen":{"FullPath":"SYSTEM\\CurrentControlSet\\Services\\nvlddmkm","ValueName":"DCHUVen"},"DefaultUserRegion":{"HKey":"HKEY_USERS","FullPath":".DEFAULT\\Control Panel\\International\\Geo","ValueName":"Nation","RegValueType":"REG_SZ"},"DriverPartnerRing":{"HKey":"HKEY_LOCAL_MACHINE","FullPath":"SOFTWARE\\Microsoft\\DriverFlighting\\Partner","ValueName":"TargetRing","RegValueType":"REG_SZ"},"EsetReg":{"HKey":"HKEY_LOCAL_MACHINE","FullPath":"SYSTEM\\CurrentControlSet\\Services\\ehdrv\\Parameters","ValueName":"WindowsCompatibilityLevel","RegValueType":"REG_DWORD"},"FlightContent":{"HKey":"HKEY_LOCAL_MACHINE","FullPath":"SOFTWARE\\Microsoft\\WindowsSelfHost\\Applicability","ValueName":"ContentType","RegValueType":"REG_SZ"},"HidOverGattReg":{"HKey":"HKEY_LOCAL_MACHINE","FullPath":"SOFTWARE\\Microsoft\\Windows\\CurrentVersion\\Setup\\PnpLockdownFiles\\%SystemRoot%/System32/drivers/UMDF/Microsoft.Bluetooth.Profiles.HidOverGatt.dll","ValueName":"Source","RegValueType":"REG_SZ"},"InstallDate":{"HKey":"HKEY_LOCAL_MACHINE","FullPath":"SOFTWARE\\Microsoft\\Windows NT\\CurrentVersion","ValueName":"InstallDate","RegValueType":"REG_DWORD"},"IsFlightingEnabled":{"HKey":"HKEY_LOCAL_MACHINE","FullPath":"SOFTWARE\\Microsoft\\WindowsSelfHost\\Applicability","ValueName":"IsBuildFlightingEnabled","RegValueType":"REG_DWORD"},"KasperskyReg":{"FullPath":"System\\CurrentControlSet\\Services\\klhk\\Parameters","ValueName":"UseVtHardware"},"OEMModelBaseBoard":{"HKey":"HKEY_LOCAL_MACHINE","FullPath":"HARDWARE\\DESCRIPTION\\System\\BIOS","ValueName":"BaseBoardProduct","RegValueType":"REG_SZ"},"OemPartnerRing":{"HKey":"HKEY_LOCAL_MACHINE","FullPath":"SYSTEM\\Platform\\DeviceTargetingInfo","ValueName":"TargetRing","RegValueType":"REG_SZ"},"OobeSeeker":{"FullPath":"SOFTWARE\\Microsoft\\Windows\\CurrentVersion\\OOBE\\Updates","ValueName":"OOBEUpdateStarted"},"OSRollbackBuild":{"HKey":"HKEY_LOCAL_MACHINE","FullPath":"SOFTWARE\\Microsoft\\Windows\\CurrentVersion\\WindowsUpdate\\OSUpgrade\\Rollback","ValueName":"BuildString","RegValueType":"REG_SZ"},"OSRollbackCount":{"HKey":"HKEY_LOCAL_MACHINE","FullPath":"SOFTWARE\\Microsoft\\Windows\\CurrentVersion\\WindowsUpdate\\OSUpgrade\\Rollback","ValueName":"Count","RegValueType":"REG_DWORD"},"OSRollbackDate":{"HKey":"HKEY_LOCAL_MACHINE","FullPath":"SOFTWARE\\Microsoft\\Windows\\CurrentVersion\\WindowsUpdate\\OSUpgrade\\Rollback","ValueName":"DateStamp","RegValueType":"REG_DWORD"},"PonchAllow":{"HKey":"HKEY_LOCAL_MACHINE","FullPath":"SOFTWARE\\Microsoft\\Windows\\CurrentVersion\\QualityCompat","ValueName":"cadca5fe-87d3-4b96-b7fb-a231484277cc","RegValueType":"REG_DWORD"},"PonchAllowKey":{"FullPath":"SOFTWARE\\Microsoft\\Windows\\CurrentVersion\\QualityCompat\\cadca5fe-87d3-4b96-b7fb-a231484277cc","IfExists":true},"PonchAllowWow":{"FullPath":"SOFTWARE\\WOW6432Node\\Microsoft\\Windows\\CurrentVersion\\QualityCompat","ValueName":"cadca5fe-87d3-4b96-b7fb-a231484277cc"},"PonchAllowWowKey":{"FullPath":"SOFTWARE\\WOW6432Node\\Microsoft\\Windows\\CurrentVersion\\QualityCompat\\cadca5fe-87d3-4b96-b7fb-a231484277cc","IfExists":true},"PonchBlock":{"HKey":"HKEY_LOCAL_MACHINE","FullPath":"SOFTWARE\\Microsoft\\Windows\\CurrentVersion\\QualityCompat","ValueName":"65d75b03-6f4d-46e9-b870-517731e06cf9","RegValueType":"REG_DWORD"},"PreviewBuildsManagerEnabled":{"FullPath":"SOFTWARE\\Microsoft\\WindowsSelfhost\\Manager","ValueName":"ArePreviewBuildsAllowed"},"RecoveredFromBuild":{"HKey":"HKEY_LOCAL_MACHINE","FullPath":"Software\\Microsoft\\WindowsSelfHost\\Applicability\\RecoveredFrom","ValueName":"LastBuild","RegValueType":"REG_DWORD"},"ReleaseType":{"HKey":"HKEY_LOCAL_MACHINE","FullPath":"SOFTWARE\\Microsoft\\Windows NT\\CurrentVersion\\Update\\TargetingInfo","ValueName":"ReleaseType","RegValueType":"REG_SZ"},"Steam":{"HKey":"HKEY_LOCAL_MACHINE","FullPath":"SOFTWARE\\Classes\\Steam","ValueName":"","RegValueType":"REG_SZ"},"TencentReg":{"FullPath":"SYSTEM\\CurrentControlSet\\services\\TesSafe","ValueName":"LoadStartTime"},"TencentType":{"FullPath":"SYSTEM\\CurrentControlSet\\services\\TesSafe","ValueName":"Type"},"UninstallActive":{"HKey":"HKEY_LOCAL_MACHINE","FullPath":"System\\Setup","ValueName":"UninstallActive","RegValueType":"REG_DWORD"},"WindowsMixedReality":{"HKey":"HKEY_LOCAL_MACHINE","FullPath":"SOFTWARE\\Microsoft\\Windows NT\\CurrentVersion\\WUDF\\Services\\HoloLensSensors","ValueName":"WdfMajorVersion","RegValueType":"REG_DWORD"}},"FileInfo":{"AvastVer":{"Path":"\\system32\\Drivers\\aswVmm.sys","FolderGuid":"{F38BF404-1D43-42F2-9305-67DE0B28FC23}"},"AvgVer":{"Path":"\\system32\\Drivers\\avgVmm.sys","FolderGuid":"{F38BF404-1D43-42F2-9305-67DE0B28FC23}"},"EsetVer":{"Path":"\\drivers\\ehdrv.sys","FolderGuid":"{1AC14E77-02E7-4E5D-B744-2EB1AE5198B7}"},"KasperskyVer":{"Path":"\\system32\\Drivers\\klhk.sys","FolderGuid":"{F38BF404-1D43-42F2-9305-67DE0B28FC23}"},"SkypeRoomSystem":{"Path":"%systemdrive%\\Recovery\\OEM\\$oem$\\$1\\Rigel\\x64\\Scripts\\Provisioning\\AutoUnattend.xml","IfExists":true},"SymantecVer":{"Path":"\\Symantec\\Shared\\EENGINE\\eeCtrl.sys","FolderGuid":"{DE974D24-D9C6-4D3E-BF91-F4455120B917}"},"SymantecVer64":{"Path":"\\Symantec\\Shared\\EENGINE\\eeCtrl64.sys","FolderGuid":"{DE974D24-D9C6-4D3E-BF91-F4455120B917}"},"TobiiVer":{"Path":"\\Tobii\\Tobii EyeX Interaction\\Tobii.EyeX.Interaction.exe","FolderGuid":"{905e63b6-c1bf-494e-b29c-65b732d3d21a}"},"TobiiVerx86":{"Path":"\\tobii EyeX Interaction\\Tobii.EyeX.Interaction.exe","FolderGuid":"{7C5A40EF-A0FB-4BFC-874A-C0F2E0B9FA8E}"},"TobiiVer1x86":{"Path":"\\Tobii\\tobii EyeX Interaction\\Tobii.EyeX.Interaction.exe","FolderGuid":"{7C5A40EF-A0FB-4BFC-874A-C0F2E0B9FA8E}"},"TrendMicroVer":{"Path":"\\drivers\\TMUMH.sys","FolderGuid":"{1AC14E77-02E7-4E5D-B744-2EB1AE5198B7}"},"WuClientVer":{"Path":"\\system32\\wuaueng.dll","FolderGuid":"{F38BF404-1D43-42F2-9305-67DE0B28FC23}"}},"Licensing":{"UpdateManagementGroup":{"Name":"UpdatePolicy-UpdateManagementGroup"}},"UpdatePolicy":{"BranchReadinessLevel":{"PolicyEnum":5,"Enterprise":true},"BranchReadinessLevelSource":{"PolicyEnum":5,"Enterprise":true,"UseSource":true},"DeferQualityUpdatePeriodInDays":{"PolicyEnum":7,"Enterprise":true},"DeferFeatureUpdatePeriodInDays":{"PolicyEnum":9,"Enterprise":true},"PauseQualityUpdateStartTime":{"PolicyEnum":13,"Enterprise":true},"PauseFeatureUpdateStartTime":{"PolicyEnum":14,"Enterprise":true},"PauseQualityUpdateEndTime":{"PolicyEnum":15,"Enterprise":true},"PauseFeatureUpdateEndTime":{"PolicyEnum":16,"Enterprise":true}}}